"Qty";"Value";"Device";"Package";"Parts";"Description";"CIIVA_IDS";"COMPONENT_LINK_1_DESCRIPTION";"COMPONENT_LINK_1_URL";"COMPONENT_LINK_3_DESCRIPTION";"COMPONENT_LINK_3_URL";"DATASHEET";"DATASHEET_VERSION";"DESCRIPTION";"FOOTPRINT_VARIANT_NAME_0";"HEIGHT";"IMPORTED";"IMPORTED_FROM";"IMPORT_TS";"MANUFACTURER_NAME";"MANUFACTURER_PART_NUMBER";"MF";"MOUSER_PART_NUMBER";"MOUSER_PRICE-STOCK";"MPN";"OC_FARNELL";"OC_NEWARK";"PACKAGE";"PACKAGE_DESCRIPTION";"PACKAGE_VERSION";"POPULARITY";"PREFIX";"PROD_ID";"RELEASE_DATE";"SPICEPREFIX";"VALUE";"VAULT_GUID";"VAULT_REVISION";
"53";"0.1uF";"CAP0805";"0805";"C3, C4, C5, C6, C7, C8, C9, C10, C11, C12, C13, C14, C15, C16, C17, C18, C19, C20, C21, C22, C23, C24, C25, C26, C27, C28, C29, C30, C31, C42, C43, C44, C45, C46, C47, C48, C49, C50, C51, C52, C53, C54, C55, C56, C57, C58, C59, C60, C61, C62, C63, C64, C65";"Capacitor";"";"";"";"";"";"";"";"";"";"";"";"";"";"";"";"";"";"";"";"";"";"";"";"";"";"";"";"";"";"";"";"";
"1";"1";"ARDUINO_NANO";"ARDUINO_NANO";"ARDUINO_NANO1";"Arduino Nano V3.0";"";"";"";"";"";"";"";"";"";"";"";"";"";"";"";"";"";"";"";"";"";"";"";"";"";"";"";"";"";"";"";"";
"2";"100k";"R-US_R0805";"R0805";"R3, R17";"RESISTOR, American symbol";"";"";"";"";"";"";"";"";"";"";"";"";"";"";"";"";"";"";"";"";"";"";"";"";"85";"";"";"";"R";"";"";"";
"6";"10uF";"CAPPTH1";"CAP-PTH-5MM";"C1, C2, C38, C39, C40, C41";"Capacitor";"";"";"";"";"";"";"";"";"";"";"";"";"";"";"";"";"";"";"";"";"";"";"";"";"";"";"";"";"";"";"";"";
"2";"10uH";"L-US6000-XXX-RC";"6000-XXXX-RC";"L1, L2";"INDUCTOR, American symbol";"";"";"";"";"";"";"";"";"";"";"";"";"";"";"";"";"";"";"";"";"";"";"";"";"5";"";"";"";"L";"";"";"";
"22";"1k";"R-US_R0805";"R0805";"R1, R6, R7, R8, R9, R12, R13, R18, R20, R21, R22, R23, R24, R27, R28, R29, R30, R32, R33, R36, R38, R40";"RESISTOR, American symbol";"";"";"";"";"";"";"";"";"";"";"";"";"";"";"";"";"";"";"";"";"";"";"";"";"85";"";"";"";"R";"";"";"";
"6";"1pF";"CAP0805";"0805";"C32, C33, C34, C35, C36, C37";"Capacitor";"";"";"";"";"";"";"";"";"";"";"";"";"";"";"";"";"";"";"";"";"";"";"";"";"";"";"";"";"";"";"";"";
"2";"20";"FE20-1";"FE20";"SV1, SV2";"FEMALE HEADER";"";"";"";"";"";"";"";"";"";"";"";"";"";"";"";"";"";"";"";"unknown";"unknown";"";"";"";"3";"";"";"";"";"";"";"";
"3";"200";"R-US_R0805";"R0805";"R10, R19, R26";"RESISTOR, American symbol";"";"";"";"";"";"";"";"";"";"";"";"";"";"";"";"";"";"";"";"";"";"";"";"";"85";"";"";"";"R";"";"";"";
"4";"20k";"R-TRIMM3296W";"RTRIM3296W";"R_O1, R_O2, R_VH, R_VL";"Trimm resistor";"";"";"";"";"";"";"";"";"";"";"";"";"";"";"";"";"";"";"";"";"";"";"";"";"";"";"";"";"";"";"";"";
"4";"4.7k";"R-US_R0805";"R0805";"R48, R49, R50, R51";"RESISTOR, American symbol";"";"";"";"";"";"";"";"";"";"";"";"";"";"";"";"";"";"";"";"";"";"";"";"";"85";"";"";"";"R";"";"";"";
"8";"47";"R-US_R0805";"R0805";"R37, R39, R41, R43, R44, R45, R46, R47";"RESISTOR, American symbol";"";"";"";"";"";"";"";"";"";"";"";"";"";"";"";"";"";"";"";"";"";"";"";"";"85";"";"";"";"R";"";"";"";
"4";"4k";"R-US_R0805";"R0805";"R14, R25, R31, R35";"RESISTOR, American symbol";"";"";"";"";"";"";"";"";"";"";"";"";"";"";"";"";"";"";"";"";"";"";"";"";"85";"";"";"";"R";"";"";"";
"6";"4p-2.54";"DIP-BLACK-FEMALE-HEADER-VERT(4P-2.54)";"H4-2.54";"J3, J4, J6, J7, J8, J12";"320030017";"";"";"";"";"";"";"";"";"";"";"";"";"";"";"";"";"";"";"F185-1104A1BSYA1";"";"";"";"";"";"";"";"";"";"";"4p-2.54";"";"";
"2";"50";"R-US_R0805";"R0805";"R2, R34";"RESISTOR, American symbol";"";"";"";"";"";"";"";"";"";"";"";"";"";"";"";"";"";"";"";"";"";"";"";"";"85";"";"";"";"R";"";"";"";
"4";"50";"RESISTORAXIAL-0.3";"AXIAL-0.3";"R4, R5, R15, R16";"Resistor";"";"";"";"";"";"";"";"";"";"";"";"";"";"";"";"";"";"";"";"";"";"";"";"";"";"";"";"";"";"";"";"";
"1";"50?";"R-US_R0805";"R0805";"R42";"RESISTOR, American symbol";"";"";"";"";"";"";"";"";"";"";"";"";"";"";"";"";"";"";"";"";"";"";"";"";"85";"";"";"";"R";"";"";"";
"1";"5k";"R-US_R0805";"R0805";"R11";"RESISTOR, American symbol";"";"";"";"";"";"";"";"";"";"";"";"";"";"";"";"";"";"";"";"";"";"";"";"";"85";"";"";"";"R";"";"";"";
"1";"7805TV";"7805TV";"TO220V";"IC11";"Positive VOLTAGE REGULATOR";"";"";"";"";"";"";"";"";"";"";"";"";"";"";"";"";"";"";"";"";"";"";"";"";"57";"";"";"";"";"";"";"";
"4";"8pin";"CONN_08"";"1X08";"J1, J5, J9, J10";"Multi connection point. Often used as Generic Header-pin footprint for 0.1 inch spaced/style header connections";"";"";"";"";"";"";"";"";"";"";"";"";"";"";"";"";"";"";"";"";"";"";"";"";"";"";"CONN-08438";"";"";"";"";"";
"1";"ASP-134604-01";"ASP-134604-01";"ASP13460401";"J2";"SAMTEC - ASP-134604-01 - Board-To-Board Connector, Vita 57 XMC, 1.27 mm, 160 Contacts, Header, ASP Series, Surface Mount";"";"";"";"";"";"";"";"SAMTEC - ASP-134604-01 - Board-To-Board Connector, Vita 57 XMC, 1.27 mm, 160 Contacts, Header, ASP Series, Surface Mount";"";"7.11mm";"";"";"";"SAMTEC";"ASP-134604-01";"";"200-ASP-134604-01";"https://www.mouser.co.uk/ProductDetail/Samtec/ASP-134604-01?qs=Rp%2FUEJiACm00i8g2mQ6XNw%3D%3D";"";"";"";"";"";"";"";"";"";"";"";"";"";"";
"6";"BU-SMB-V";"BU-SMB-V";"BU-SMB-V";"IO_G2, IO_G3, IO_H4, IO_H5, OPIN, PULSESUMOUT";"FEMALE SMB CONNECTOR";"";"";"";"";"";"";"";"";"";"";"";"";"";"";"";"";"";"";"";"unknown";"unknown";"";"";"";"";"";"";"";"";"";"";"";
"2";"DAC7578SPWR";"DAC7578SPWR";"SOP65P640X120-16N";"IC2, IC16";"12-bit, Octal Channel, Ultra-Low Glitch, Voltage Output, 2-Wire Interface DAC";"";"";"";"";"";"";"";"12-bit, Octal Channel, Ultra-Low Glitch, Voltage Output, 2-Wire Interface DAC";"";"1.2mm";"";"";"";"Texas Instruments";"DAC7578SPWR";"";"595-DAC7578SPWR";"https://www.mouser.co.uk/ProductDetail/Texas-Instruments/DAC7578SPWR?qs=EuM%2FBx4ov4Q5WBxZ%252BdwNrg%3D%3D";"";"";"";"";"";"";"";"";"";"";"";"";"";"";
"1";"LM358";"LM358";"DIP08";"IC5";"Jellybean op-amp";"";"";"";"";"";"";"";"";"";"";"";"";"";"";"";"";"";"";"";"";"";"";"";"";"";"";"IC-09172";"";"";"";"";"";
"5";"LTC6229IMS8E#TRPBF";"LTC6229IMS8E#TRPBF";"SOP65P490X110-9N";"IC3, IC4, IC8, IC9, IC10";"High Speed Operational Amplifiers Prec, Low Drift & Noise Hi Speed Amp";"";"";"";"";"";"";"";"High Speed Operational Amplifiers Prec, Low Drift & Noise Hi Speed Amp";"";"1.1mm";"";"";"";"Analog Devices";"LTC6229IMS8E#TRPBF";"";"584-LTC6229IMS8E#TR";"https://www.mouser.co.uk/ProductDetail/Analog-Devices/LTC6229IMS8ETRPBF?qs=BJlw7L4Cy7%252B3qToO7Cz9NQ%3D%3D";"";"";"";"";"";"";"";"";"";"";"";"";"";"";
"3";"OPA699ID";"OPA699ID";"SOIC127P600X175-8N";"IC1, IC6, IC7";"Texas Instruments OPA699ID Op Amp, 880MHz, 9 V, 8-Pin SOIC";"";"";"";"";"";"";"";"Texas Instruments OPA699ID Op Amp, 880MHz, 9 V, 8-Pin SOIC";"";"1.75mm";"";"";"";"Texas Instruments";"OPA699ID";"";"595-OPA699ID";"https://www.mouser.co.uk/ProductDetail/Texas-Instruments/OPA699ID?qs=wgAEGBTxy7n0Nk%252BpyQzyiA%3D%3D";"";"";"";"";"";"";"";"";"";"";"";"";"";"";
"4";"SN74AUC2G66DCTR";"SN74AUC2G66DCTR";"SOP65P400X130-8N";"IC12, IC13, IC14, IC15";"Dual Bilateral Analog Switch";"";"";"";"";"";"";"";"Dual Bilateral Analog Switch";"";"1.3mm";"";"";"";"Texas Instruments";"SN74AUC2G66DCTR";"";"595-SN74AUC2G66DCTR";"https://www.mouser.co.uk/ProductDetail/Texas-Instruments/SN74AUC2G66DCTR?qs=X3IDIfI%252BJAXYLrXiJRkcqA%3D%3D";"";"";"";"";"";"";"";"";"";"";"";"";"";"";
"1";"STMICROELECTRONICS_L7905ACVSTMICROELECTRONICS_L7905ACV_0_0";"STMICROELECTRONICS_L7905ACVSTMICROELECTRONICS_L7905ACV_0_0";"STMICROELECTRONICS_L7905ACV_0";"U2";"PM-REG-7905-SIL3";"1170788";"Manufacturer URL";"http://www.st.com";"Package Specification";"http://www.st.com/internet/com/TECHNICAL_RESOURCES/TECHNICAL_LITERATURE/PACKAGE_INFORMATION/CD00004649.pdf";"http://www.st.com/internet/com/TECHNICAL_RESOURCES/TECHNICAL_LITERATURE/DATASHEET/CD00000451.pdf";"1/11/2010";"";"Manufacturer Recommended";"";"yes";"vault";"1521848450";"";"";"STMicroelectronics";"";"";"L7905ACV";"";"";"TO220";"TO, Thru-Hole, Vertical, Heatsink Mounted";" 3 In-Line Leads";" Pitch 2.54 mm";"ver3.0";"";"U";"";"1329864171";"";"";
"1";"TXS0108EPWR";"LOGIC-TXS0108EPWR(TSSOP20)";"TSSOP20-0.65-6.5X4.4MM";"U1";"310050026";"";"";"";"";"";"";"";"";"";"";"";"";"";"";"";"";"";"";"TXS0108EPWR";"";"";"";"";"";"";"";"";"";"";"TXS0108EPWR-TSSOP20";"";"";
